{
  "took" : 198,
  "timed_out" : false,
  "_shards" : {
    "total" : 12,
    "successful" : 12,
    "skipped" : 9,
    "failed" : 0
  },
  "hits" : {
    "total" : {
      "value" : 80,
      "relation" : "eq"
    },
    "max_score" : null,
    "hits" : [
      {
        "_index" : ".ds-processstream-000005",
        "_type" : "_doc",
        "_id" : "Lz4dVYsB2mxSHAcnIofX",
        "_version" : 1,
        "_score" : null,
        "_source" : {
          "lastPolledAt" : "2023-10-22T02:00:51Z",
          "cpuUtilization(%)" : 0.01,
          "runByUser" : null,
          "processName" : "csrss",
          "processID" : 608,
          "processStartTime" : "2023-10-22T01:02:18Z",
          "virtualMemorySize(in MB)" : 667.66015625,
          "memoryUtilization(%)" : 0,
          "ciName" : "AWNCK006",
          "toolOrgId" : "2001",
          "organizationId" : "1408158",
          "source" : "Solarwinds"
        },
        "fields" : {
          "processStartTime" : [
            "2023-10-22T01:02:18.000Z"
          ],
          "lastPolledAt" : [
            "2023-10-22T02:00:51.000Z"
          ]
        },
        "highlight" : {
          "ciName" : [
            "@opensearch-dashboards-highlighted-field@AWNCK006@/opensearch-dashboards-highlighted-field@"
          ]
        },
        "sort" : [
          1697940051000
        ]
      },
      {
        "_index" : ".ds-processstream-000005",
        "_type" : "_doc",
        "_id" : "MT4dVYsB2mxSHAcnIofX",
        "_version" : 1,
        "_score" : null,
        "_source" : {
          "lastPolledAt" : "2023-10-22T02:00:51Z",
          "cpuUtilization(%)" : 0.01,
          "runByUser" : null,
          "processName" : "dcondemand",
          "processID" : 7032,
          "processStartTime" : "2023-10-22T01:02:52Z",
          "virtualMemorySize(in MB)" : 118.19921875,
          "memoryUtilization(%)" : 0.58,
          "ciName" : "AWNCK006",
          "toolOrgId" : "2001",
          "organizationId" : "1408158",
          "source" : "Solarwinds"
        },
        "fields" : {
          "processStartTime" : [
            "2023-10-22T01:02:52.000Z"
          ],
          "lastPolledAt" : [
            "2023-10-22T02:00:51.000Z"
          ]
        },
        "highlight" : {
          "ciName" : [
            "@opensearch-dashboards-highlighted-field@AWNCK006@/opensearch-dashboards-highlighted-field@"
          ]
        },
        "sort" : [
          1697940051000
        ]
      },
      {
        "_index" : ".ds-processstream-000005",
        "_type" : "_doc",
        "_id" : "Mz4dVYsB2mxSHAcnIofX",
        "_version" : 1,
        "_score" : null,
        "_source" : {
          "lastPolledAt" : "2023-10-22T02:00:51Z",
          "cpuUtilization(%)" : 0,
          "runByUser" : null,
          "processName" : "Idle",
          "processID" : 0,
          "processStartTime" : "2023-10-22T01:02:20Z",
          "virtualMemorySize(in MB)" : 0.0625,
          "memoryUtilization(%)" : 0,
          "ciName" : "AWNCK006",
          "toolOrgId" : "2001",
          "organizationId" : "1408158",
          "source" : "Solarwinds"
        },
        "fields" : {
          "processStartTime" : [
            "2023-10-22T01:02:20.000Z"
          ],
          "lastPolledAt" : [
            "2023-10-22T02:00:51.000Z"
          ]
        },
        "highlight" : {
          "ciName" : [
            "@opensearch-dashboards-highlighted-field@AWNCK006@/opensearch-dashboards-highlighted-field@"
          ]
        },
        "sort" : [
          1697940051000
        ]
      },
      {
        "_index" : ".ds-processstream-000005",
        "_type" : "_doc",
        "_id" : "Oj4dVYsB2mxSHAcnIofX",
        "_version" : 1,
        "_score" : null,
        "_source" : {
          "lastPolledAt" : "2023-10-22T02:00:51Z",
          "cpuUtilization(%)" : 0.02,
          "runByUser" : null,
          "processName" : "macompatsvc",
          "processID" : 328,
          "processStartTime" : "2023-10-22T01:02:59Z",
          "virtualMemorySize(in MB)" : 92.48046875,
          "memoryUtilization(%)" : 0.36,
          "ciName" : "AWNCK006",
          "toolOrgId" : "2001",
          "organizationId" : "1408158",
          "source" : "Solarwinds"
        },
        "fields" : {
          "processStartTime" : [
            "2023-10-22T01:02:59.000Z"
          ],
          "lastPolledAt" : [
            "2023-10-22T02:00:51.000Z"
          ]
        },
        "highlight" : {
          "ciName" : [
            "@opensearch-dashboards-highlighted-field@AWNCK006@/opensearch-dashboards-highlighted-field@"
          ]
        },
        "sort" : [
          1697940051000
        ]
      },
      {
        "_index" : ".ds-processstream-000005",
        "_type" : "_doc",
        "_id" : "Oz4dVYsB2mxSHAcnIofX",
        "_version" : 1,
        "_score" : null,
        "_source" : {
          "lastPolledAt" : "2023-10-22T02:00:51Z",
          "cpuUtilization(%)" : 0.1,
          "runByUser" : null,
          "processName" : "masvc",
          "processID" : 1988,
          "processStartTime" : "2023-10-22T01:02:21Z",
          "virtualMemorySize(in MB)" : 92.48046875,
          "memoryUtilization(%)" : 0,
          "ciName" : "AWNCK006",
          "toolOrgId" : "2001",
          "organizationId" : "1408158",
          "source" : "Solarwinds"
        },
        "fields" : {
          "processStartTime" : [
            "2023-10-22T01:02:21.000Z"
          ],
          "lastPolledAt" : [
            "2023-10-22T02:00:51.000Z"
          ]
        },
        "highlight" : {
          "ciName" : [
            "@opensearch-dashboards-highlighted-field@AWNCK006@/opensearch-dashboards-highlighted-field@"
          ]
        },
        "sort" : [
          1697940051000
        ]
      },
      {
        "_index" : ".ds-processstream-000005",
        "_type" : "_doc",
        "_id" : "PT4dVYsB2mxSHAcnIofX",
        "_version" : 1,
        "_score" : null,
        "_source" : {
          "lastPolledAt" : "2023-10-22T02:00:51Z",
          "cpuUtilization(%)" : 0.14,
          "runByUser" : null,
          "processName" : "mfeesp",
          "processID" : 6880,
          "processStartTime" : "2023-10-22T01:02:49Z",
          "virtualMemorySize(in MB)" : 92.48046875,
          "memoryUtilization(%)" : 0,
          "ciName" : "AWNCK006",
          "toolOrgId" : "2001",
          "organizationId" : "1408158",
          "source" : "Solarwinds"
        },
        "fields" : {
          "processStartTime" : [
            "2023-10-22T01:02:49.000Z"
          ],
          "lastPolledAt" : [
            "2023-10-22T02:00:51.000Z"
          ]
        },
        "highlight" : {
          "ciName" : [
            "@opensearch-dashboards-highlighted-field@AWNCK006@/opensearch-dashboards-highlighted-field@"
          ]
        },
        "sort" : [
          1697940051000
        ]
      },
      {
        "_index" : ".ds-processstream-000005",
        "_type" : "_doc",
        "_id" : "Pz4dVYsB2mxSHAcnIofX",
        "_version" : 1,
        "_score" : null,
        "_source" : {
          "lastPolledAt" : "2023-10-22T02:00:51Z",
          "cpuUtilization(%)" : 0.01,
          "runByUser" : null,
          "processName" : "mfehcs",
          "processID" : 7040,
          "processStartTime" : "2023-10-22T01:02:52Z",
          "virtualMemorySize(in MB)" : 48.46484375,
          "memoryUtilization(%)" : 0.18,
          "ciName" : "AWNCK006",
          "toolOrgId" : "2001",
          "organizationId" : "1408158",
          "source" : "Solarwinds"
        },
        "fields" : {
          "processStartTime" : [
            "2023-10-22T01:02:52.000Z"
          ],
          "lastPolledAt" : [
            "2023-10-22T02:00:51.000Z"
          ]
        },
        "highlight" : {
          "ciName" : [
            "@opensearch-dashboards-highlighted-field@AWNCK006@/opensearch-dashboards-highlighted-field@"
          ]
        },
        "sort" : [
          1697940051000
        ]
      },
      {
        "_index" : ".ds-processstream-000005",
        "_type" : "_doc",
        "_id" : "QD4dVYsB2mxSHAcnIofX",
        "_version" : 1,
        "_score" : null,
        "_source" : {
          "lastPolledAt" : "2023-10-22T02:00:51Z",
          "cpuUtilization(%)" : 0.02,
          "runByUser" : null,
          "processName" : "mfemactl",
          "processID" : 6128,
          "processStartTime" : "2023-10-22T01:03:07Z",
          "virtualMemorySize(in MB)" : 107.01953125,
          "memoryUtilization(%)" : 0.28,
          "ciName" : "AWNCK006",
          "toolOrgId" : "2001",
          "organizationId" : "1408158",
          "source" : "Solarwinds"
        },
        "fields" : {
          "processStartTime" : [
            "2023-10-22T01:03:07.000Z"
          ],
          "lastPolledAt" : [
            "2023-10-22T02:00:51.000Z"
          ]
        },
        "highlight" : {
          "ciName" : [
            "@opensearch-dashboards-highlighted-field@AWNCK006@/opensearch-dashboards-highlighted-field@"
          ]
        },
        "sort" : [
          1697940051000
        ]
      },
      {
        "_index" : ".ds-processstream-000005",
        "_type" : "_doc",
        "_id" : "Qj4dVYsB2mxSHAcnIofX",
        "_version" : 1,
        "_score" : null,
        "_source" : {
          "lastPolledAt" : "2023-10-22T02:00:51Z",
          "cpuUtilization(%)" : 0.66,
          "runByUser" : null,
          "processName" : "mfetp",
          "processID" : 6408,
          "processStartTime" : "2023-10-22T01:02:55Z",
          "virtualMemorySize(in MB)" : 77.91796875,
          "memoryUtilization(%)" : 0,
          "ciName" : "AWNCK006",
          "toolOrgId" : "2001",
          "organizationId" : "1408158",
          "source" : "Solarwinds"
        },
        "fields" : {
          "processStartTime" : [
            "2023-10-22T01:02:55.000Z"
          ],
          "lastPolledAt" : [
            "2023-10-22T02:00:51.000Z"
          ]
        },
        "highlight" : {
          "ciName" : [
            "@opensearch-dashboards-highlighted-field@AWNCK006@/opensearch-dashboards-highlighted-field@"
          ]
        },
        "sort" : [
          1697940051000
        ]
      },
      {
        "_index" : ".ds-processstream-000005",
        "_type" : "_doc",
        "_id" : "Qz4dVYsB2mxSHAcnIofX",
        "_version" : 1,
        "_score" : null,
        "_source" : {
          "lastPolledAt" : "2023-10-22T02:00:51Z",
          "cpuUtilization(%)" : 0.34,
          "runByUser" : null,
          "processName" : "mfevtps",
          "processID" : 6520,
          "processStartTime" : "2023-10-22T01:02:44Z",
          "virtualMemorySize(in MB)" : 57.7421875,
          "memoryUtilization(%)" : 0.27,
          "ciName" : "AWNCK006",
          "toolOrgId" : "2001",
          "organizationId" : "1408158",
          "source" : "Solarwinds"
        },
        "fields" : {
          "processStartTime" : [
            "2023-10-22T01:02:44.000Z"
          ],
          "lastPolledAt" : [
            "2023-10-22T02:00:51.000Z"
          ]
        },
        "highlight" : {
          "ciName" : [
            "@opensearch-dashboards-highlighted-field@AWNCK006@/opensearch-dashboards-highlighted-field@"
          ]
        },
        "sort" : [
          1697940051000
        ]
      }
    ]
  },
  "aggregations" : {
    "2" : {
      "buckets" : [
        {
          "key_as_string" : "2023-10-22T02:00:50.000Z",
          "key" : 1697940050000,
          "doc_count" : 80
        }
      ]
    }
  }
}